customer_name,customer_email,country,gender,age,annual_salary,credit_card_debt,net_worth,car_purchase_amount
Customer 0,customer0@email.com,Nigeria,0,30.0,74219.2,10200.21,570821.97,26241.57
Customer 1,customer1@email.com,Germany,1,22.0,68885.27,4126.62,435273.76,24791.26
Customer 2,customer2@email.com,France,0,35.0,52780.68,8421.5,646673.45,22214.05
Customer 3,customer3@email.com,United Kingdom,0,50.0,83186.6,2663.9,381274.09,25223.6
Customer 4,customer4@email.com,United Kingdom,0,43.0,38378.73,5594.53,717824.32,31026.77
Customer 5,customer5@email.com,Kenya,1,25.0,72318.71,9279.13,163505.08,14100.47
Customer 6,customer6@email.com,United Kingdom,0,42.0,71862.03,1628.03,531594.89,27417.52
Customer 7,customer7@email.com,Germany,0,45.0,53809.07,9761.9,984732.25,29803.87
Customer 8,customer8@email.com,Canada,0,29.0,66522.66,7921.45,249917.17,21262.26
Customer 9,customer9@email.com,United Kingdom,1,42.0,34977.73,10209.96,330563.76,16494.38
Customer 10,customer10@email.com,Nigeria,0,41.0,78480.54,8895.66,628476.96,27327.59
Customer 11,customer11@email.com,Canada,0,26.0,56301.96,13456.56,544895.45,24661.16
Customer 12,customer12@email.com,United Kingdom,0,44.0,49545.54,8500.9,587657.52,28947.94
Customer 13,customer13@email.com,Nigeria,0,47.0,80980.18,6282.38,622296.78,27992.01
Customer 14,customer14@email.com,Nigeria,1,53.0,45913.13,8489.19,658680.37,24770.93
Customer 15,customer15@email.com,India,0,53.0,31830.77,10173.19,777424.96,18825.98
Customer 16,customer16@email.com,United States,1,23.0,28867.42,8195.44,602454.66,17290.35
Customer 17,customer17@email.com,Kenya,1,29.0,72120.2,8162.37,439685.59,26012.72
Customer 18,customer18@email.com,Germany,1,46.0,34391.41,5192.03,668143.43,27254.73
Customer 19,customer19@email.com,South Africa,0,46.0,95095.88,5348.4,974970.48,39095.79
Customer 20,customer20@email.com,France,1,46.0,18361.41,2389.58,466841.56,15712.91
Customer 21,customer21@email.com,United Kingdom,0,70.0,93929.13,14998.31,256367.67,17714.77
Customer 22,customer22@email.com,United Kingdom,1,47.0,64220.35,3024.55,776770.17,25714.78
Customer 23,customer23@email.com,Canada,1,54.0,58065.74,5228.38,469904.71,22598.66
Customer 24,customer24@email.com,Canada,1,51.0,49101.62,5126.37,10000.0,13499.61
Customer 25,customer25@email.com,France,1,48.0,67982.72,11579.7,711855.42,26320.28
Customer 26,customer26@email.com,United Kingdom,1,36.0,59247.31,6820.2,366167.95,20918.31
Customer 27,customer27@email.com,Australia,1,49.0,82066.04,12990.97,477366.68,25555.78
Customer 28,customer28@email.com,Germany,1,31.0,62284.55,5306.04,582995.08,25361.82
Customer 29,customer29@email.com,United Kingdom,1,37.0,63006.04,9115.98,547624.92,25893.41
Customer 30,customer30@email.com,United States,0,34.0,52727.76,4658.61,677362.95,34089.73
Customer 31,customer31@email.com,France,0,41.0,58861.09,16580.6,391128.41,20052.59
Customer 32,customer32@email.com,Australia,1,68.0,66156.04,3249.61,628276.45,21488.95
Customer 33,customer33@email.com,Germany,1,18.0,25796.63,9239.28,435113.33,13305.21
Customer 34,customer34@email.com,United Kingdom,1,48.0,33036.29,10535.11,684702.62,24228.56
Customer 35,customer35@email.com,South Africa,0,21.0,74865.28,9655.2,653841.87,26997.44
Customer 36,customer36@email.com,India,1,34.0,63417.31,7258.85,266140.32,18961.4
Customer 37,customer37@email.com,United States,0,53.0,56320.33,7480.72,771495.53,30493.8
Customer 38,customer38@email.com,South Africa,0,41.0,60368.68,8175.25,366009.14,25616.77
Customer 39,customer39@email.com,Canada,0,27.0,66951.63,7411.99,702014.45,26940.56
Customer 40,customer40@email.com,Canada,0,31.0,49204.81,11855.52,591821.83,18631.99
Customer 41,customer41@email.com,United Kingdom,0,48.0,44433.91,16842.09,959545.92,31594.34
Customer 42,customer42@email.com,Canada,1,31.0,63916.91,5770.03,444133.5,22039.31
Customer 43,customer43@email.com,United States,1,43.0,40432.54,2520.79,412670.8,21838.09
Customer 44,customer44@email.com,Germany,1,41.0,68165.06,7646.87,495145.1,19252.66
Customer 45,customer45@email.com,Nigeria,1,32.0,25948.33,18318.84,424205.05,19622.26
Customer 46,customer46@email.com,Kenya,1,66.0,80583.11,4785.3,699985.48,22775.13
Customer 47,customer47@email.com,France,0,48.0,69451.95,14556.47,95922.35,17472.88
Customer 48,customer48@email.com,Germany,1,18.0,65120.59,14710.8,236579.4,16671.42
Customer 49,customer49@email.com,Nigeria,1,42.0,79653.82,5785.65,233049.27,18768.68
Customer 50,customer50@email.com,Australia,0,32.0,93309.49,10275.93,737576.9,32899.26
Customer 51,customer51@email.com,United States,1,50.0,80287.4,14513.59,927653.34,35203.77
Customer 52,customer52@email.com,South Africa,0,30.0,23182.52,6483.49,473887.7,18624.47
Customer 53,customer53@email.com,Nigeria,1,39.0,34408.46,7185.68,457794.57,21551.83
Customer 54,customer54@email.com,United States,0,46.0,47503.63,5673.28,517513.04,27637.8
Customer 55,customer55@email.com,India,1,50.0,60521.82,3940.97,790469.58,23800.84
Customer 56,customer56@email.com,South Africa,1,26.0,70353.18,5402.89,268161.72,25427.56
Customer 57,customer57@email.com,Canada,0,36.0,45485.12,3104.24,559592.25,24817.26
Customer 58,customer58@email.com,Canada,0,34.0,63735.34,8136.33,743799.41,27726.3
Customer 59,customer59@email.com,South Africa,0,32.0,44892.34,4920.11,625273.54,21156.37
Customer 60,customer60@email.com,Australia,0,61.0,47769.64,8935.14,547395.4,18452.48
Customer 61,customer61@email.com,Australia,0,45.0,31866.78,1776.42,750261.52,27372.56
Customer 62,customer62@email.com,Australia,0,25.0,41535.34,9323.52,10000.0,10115.3
Customer 63,customer63@email.com,Nigeria,0,51.0,32966.31,11334.12,669468.83,25534.38
Customer 64,customer64@email.com,France,0,65.0,40482.53,25.06,336481.08,9445.97
Customer 65,customer65@email.com,Nigeria,1,52.0,81072.84,9496.23,42341.78,15621.87
Customer 66,customer66@email.com,United Kingdom,1,22.0,41012.02,12910.68,627800.65,18059.57
Customer 67,customer67@email.com,Kenya,0,34.0,112647.64,3161.44,843414.64,41340.19
Customer 68,customer68@email.com,South Africa,1,55.0,69866.36,14690.29,465637.87,23984.34
Customer 69,customer69@email.com,Germany,1,32.0,63696.72,9676.08,738218.64,28488.99
Customer 70,customer70@email.com,Kenya,1,45.0,42832.84,5179.95,903069.56,21155.68
Customer 71,customer71@email.com,India,1,49.0,74006.2,7776.92,828728.61,31694.65
Customer 72,customer72@email.com,Nigeria,0,29.0,48487.24,10233.31,909991.13,31559.79
Customer 73,customer73@email.com,Nigeria,1,39.0,62440.2,8304.02,685531.87,29659.15
Customer 74,customer74@email.com,United States,0,18.0,111201.69,10155.02,518858.41,33349.27
Customer 75,customer75@email.com,Kenya,1,28.0,58078.8,4317.31,99508.55,12657.1
Customer 76,customer76@email.com,United States,1,37.0,82985.47,8677.44,438484.38,28990.41
Customer 77,customer77@email.com,Germany,1,25.0,45936.47,2345.14,289188.35,21017.25
Customer 78,customer78@email.com,United States,0,60.0,59300.23,7555.1,1042735.68,25658.48
Customer 79,customer79@email.com,Kenya,1,23.0,95416.01,4384.37,456028.55,28553.49
Customer 80,customer80@email.com,South Africa,0,35.0,47460.66,5057.88,530801.2,22716.8
Customer 81,customer81@email.com,India,1,42.0,96248.97,12944.37,637871.34,31255.77
Customer 82,customer82@email.com,Nigeria,0,57.0,74155.04,12365.24,510900.61,23747.77
Customer 83,customer83@email.com,Germany,1,23.0,48750.66,10436.55,923762.76,27882.51
Customer 84,customer84@email.com,Nigeria,0,54.0,72648.15,3630.75,344337.66,18593.78
Customer 85,customer85@email.com,United Kingdom,0,40.0,79451.09,6734.37,548651.86,28319.72
Customer 86,customer86@email.com,India,1,28.0,72436.2,12852.39,314382.35,18206.1
Customer 87,customer87@email.com,France,0,46.0,28595.51,8566.87,169994.37,8375.05
Customer 88,customer88@email.com,United States,1,42.0,45457.26,17277.32,347057.73,19670.13
Customer 89,customer89@email.com,Canada,1,33.0,55049.63,9573.27,490740.8,20268.55
Customer 90,customer90@email.com,Kenya,1,41.0,58511.33,8768.2,392674.44,23552.31
Customer 91,customer91@email.com,Nigeria,1,35.0,72413.44,6763.53,326894.76,25111.33
Customer 92,customer92@email.com,United States,1,41.0,63554.02,8534.16,148420.63,12270.68
Customer 93,customer93@email.com,Germany,1,48.0,33293.11,7390.12,479223.61,16206.73
Customer 94,customer94@email.com,Nigeria,1,59.0,67603.96,10832.43,123819.91,17316.08
Customer 95,customer95@email.com,France,1,25.0,72211.71,11826.81,690013.99,25505.86
Customer 96,customer96@email.com,India,1,66.0,71195.81,4856.04,520609.94,20012.75
Customer 97,customer97@email.com,India,1,18.0,81615.61,2675.07,135612.13,19673.26
Customer 98,customer98@email.com,Nigeria,1,38.0,76678.44,655.18,422697.73,28640.37
Customer 99,customer99@email.com,Germany,0,47.0,69183.6,10031.97,311960.9,19458.94
Customer 100,customer100@email.com,India,0,43.0,58596.69,3586.53,579793.63,23634.19
Customer 101,customer101@email.com,India,1,33.0,26780.78,0.0,835112.61,31586.48
Customer 102,customer102@email.com,France,1,38.0,68592.36,9554.31,31206.88,21574.26
Customer 103,customer103@email.com,Kenya,1,34.0,64153.75,17972.0,528756.52,28137.57
Customer 104,customer104@email.com,Germany,1,33.0,65431.58,7975.72,459966.8,25072.46
Customer 105,customer105@email.com,Germany,1,50.0,34465.03,11353.96,667835.02,18966.26
Customer 106,customer106@email.com,South Africa,1,44.0,38378.87,8327.32,553299.16,18698.75
Customer 107,customer107@email.com,South Africa,1,32.0,81063.06,7604.44,312007.67,25606.71
Customer 108,customer108@email.com,India,1,51.0,59208.9,11676.31,420236.52,21173.63
Customer 109,customer109@email.com,Canada,0,44.0,73630.01,6838.9,300993.54,25785.28
Customer 110,customer110@email.com,South Africa,1,50.0,60566.37,9069.57,769001.78,29509.38
Customer 111,customer111@email.com,India,0,48.0,60595.12,9286.79,505327.91,18157.91
Customer 112,customer112@email.com,Australia,1,30.0,78765.68,5327.64,975297.67,39943.88
Customer 113,customer113@email.com,United Kingdom,1,33.0,49679.11,11968.17,484834.8,19557.56
Customer 114,customer114@email.com,United Kingdom,0,49.0,61922.42,7300.16,322898.31,18064.4
Customer 115,customer115@email.com,Germany,1,47.0,50754.49,4977.02,121571.4,14897.5
Customer 116,customer116@email.com,Canada,0,40.0,51310.08,10146.04,49215.08,19653.21
Customer 117,customer117@email.com,France,1,41.0,53816.56,4406.13,103966.01,24840.95
Customer 118,customer118@email.com,Kenya,1,55.0,64442.68,8112.72,566781.66,25010.93
Customer 119,customer119@email.com,South Africa,0,33.0,50425.03,7963.52,627181.26,25361.44
Customer 120,customer120@email.com,Australia,1,47.0,85115.12,12343.58,104702.32,19830.47
Customer 121,customer121@email.com,India,0,38.0,42107.85,9898.79,723759.58,28864.46
Customer 122,customer122@email.com,Canada,1,37.0,56262.57,7899.89,379234.74,20872.09
Customer 123,customer123@email.com,Germany,0,53.0,51205.38,11271.07,536698.25,26073.3
Customer 124,customer124@email.com,South Africa,0,50.0,88939.56,13560.83,903055.16,34736.17
Customer 125,customer125@email.com,Canada,1,50.0,63931.1,10231.24,724209.83,28543.97
Customer 126,customer126@email.com,South Africa,1,56.0,80636.89,8041.41,432867.34,24746.51
Customer 127,customer127@email.com,Kenya,0,40.0,30288.79,2752.66,277201.94,17076.85
Customer 128,customer128@email.com,Kenya,1,48.0,65341.01,3739.55,10000.0,16544.02
Customer 129,customer129@email.com,France,1,36.0,77792.62,6779.1,320211.67,22343.46
Customer 130,customer130@email.com,United Kingdom,1,44.0,61645.68,5561.95,447217.44,21160.1
Customer 131,customer131@email.com,United States,0,38.0,81309.61,7252.11,253205.12,19634.87
Customer 132,customer132@email.com,United States,0,41.0,49654.23,8226.6,467185.76,23087.69
Customer 133,customer133@email.com,South Africa,0,47.0,88186.95,10118.77,519212.97,29537.23
Customer 134,customer134@email.com,France,0,30.0,105977.96,7718.0,443786.0,31373.93
Customer 135,customer135@email.com,United States,0,65.0,52743.23,9946.01,337499.35,19690.35
Customer 136,customer136@email.com,Germany,0,28.0,51089.95,8257.9,542163.67,23264.19
Customer 137,customer137@email.com,United States,0,25.0,89067.69,98.13,610485.16,32566.27
Customer 138,customer138@email.com,Nigeria,0,54.0,91591.44,4242.66,227400.23,17787.35
Customer 139,customer139@email.com,India,0,49.0,49542.8,7423.65,852733.09,26782.42
Customer 140,customer140@email.com,France,1,47.0,51596.26,3161.22,475352.97,23616.99
Customer 141,customer141@email.com,Germany,0,48.0,54364.31,10399.71,504712.41,24156.23
Customer 142,customer142@email.com,Canada,1,40.0,33110.99,14123.0,677053.61,22213.52
Customer 143,customer143@email.com,Germany,1,29.0,41626.96,12875.05,558304.03,21707.82
Customer 144,customer144@email.com,United Kingdom,1,41.0,39917.18,7146.23,738284.16,21285.02
Customer 145,customer145@email.com,Canada,0,32.0,44644.05,13962.9,571781.04,22064.85
Customer 146,customer146@email.com,Australia,0,52.0,59306.3,8594.67,346890.66,21245.44
Customer 147,customer147@email.com,India,0,38.0,64684.29,6651.66,590375.88,28970.61
Customer 148,customer148@email.com,India,0,30.0,91010.01,5546.39,214068.45,24880.23
Customer 149,customer149@email.com,India,1,36.0,40032.92,6790.12,527139.93,22818.05
Customer 150,customer150@email.com,India,0,45.0,79686.45,6447.29,491692.5,26163.28
Customer 151,customer151@email.com,South Africa,0,33.0,55720.22,8681.66,447970.79,21068.32
Customer 152,customer152@email.com,India,0,30.0,59010.73,8642.3,467865.62,25441.18
Customer 153,customer153@email.com,India,0,43.0,73496.39,8012.18,29537.74,17476.91
Customer 154,customer154@email.com,India,0,43.0,37545.56,9747.75,362818.77,18789.49
Customer 155,customer155@email.com,France,1,34.0,67648.19,12762.59,523211.23,24557.09
Customer 156,customer156@email.com,South Africa,0,34.0,63329.04,11798.22,539964.1,19458.79
Customer 157,customer157@email.com,Kenya,1,43.0,69849.03,2060.41,243081.21,23824.4
Customer 158,customer158@email.com,Germany,0,23.0,65783.37,0.0,816426.96,29359.53
Customer 159,customer159@email.com,Germany,1,23.0,109106.0,11737.28,283456.29,22872.97
Customer 160,customer160@email.com,Canada,0,31.0,47245.2,2532.49,742364.3,29961.25
Customer 161,customer161@email.com,France,0,37.0,49380.06,7100.94,606798.59,24256.85
Customer 162,customer162@email.com,Nigeria,1,44.0,47537.19,3319.55,338443.17,21947.3
Customer 163,customer163@email.com,Germany,1,58.0,48890.46,792.08,943827.72,30381.93
Customer 164,customer164@email.com,United States,1,50.0,47252.26,10165.85,201590.79,16153.78
Customer 165,customer165@email.com,Nigeria,0,38.0,83780.33,11036.62,729788.54,28361.29
Customer 166,customer166@email.com,India,1,40.0,88410.08,5693.96,750145.58,37330.86
Customer 167,customer167@email.com,India,0,28.0,48585.07,0.0,332344.95,20318.41
Customer 168,customer168@email.com,South Africa,0,40.0,43352.89,5815.02,848116.33,27775.93
Customer 169,customer169@email.com,Nigeria,1,37.0,69428.31,9567.22,437488.37,25237.46
Customer 170,customer170@email.com,United States,1,44.0,48955.54,2084.35,572173.41,18449.66
Customer 171,customer171@email.com,South Africa,0,30.0,72658.64,8733.44,565080.46,28553.02
Customer 172,customer172@email.com,Canada,0,46.0,64058.46,7938.76,466422.81,19855.23
Customer 173,customer173@email.com,Nigeria,1,58.0,29685.12,10317.17,702702.07,15817.08
Customer 174,customer174@email.com,France,1,39.0,90950.1,8478.32,698372.18,28395.05
Customer 175,customer175@email.com,India,1,45.0,95917.55,4107.72,62867.01,23572.27
Customer 176,customer176@email.com,India,0,48.0,47744.23,12786.29,826085.06,24916.92
Customer 177,customer177@email.com,United Kingdom,0,35.0,52245.97,7365.88,84377.0,20389.03
Customer 178,customer178@email.com,South Africa,0,43.0,65717.31,7890.78,758136.55,28023.85
Customer 179,customer179@email.com,Kenya,0,40.0,66689.14,4266.93,781676.28,26088.13
Customer 180,customer180@email.com,Kenya,0,41.0,73170.89,6226.87,227258.39,17348.54
Customer 181,customer181@email.com,South Africa,0,31.0,100204.09,4460.79,397296.43,32437.9
Customer 182,customer182@email.com,France,1,40.0,56461.06,7308.22,223573.83,17742.12
Customer 183,customer183@email.com,Australia,0,46.0,44034.06,14846.83,446269.74,17200.96
Customer 184,customer184@email.com,South Africa,0,57.0,32413.62,2512.4,422991.43,16150.69
Customer 185,customer185@email.com,France,0,52.0,45381.4,1545.75,694915.13,25656.29
Customer 186,customer186@email.com,Canada,1,66.0,59337.46,13884.68,827577.19,28215.89
Customer 187,customer187@email.com,India,0,31.0,95891.16,7162.71,848920.95,41191.32
Customer 188,customer188@email.com,United States,0,50.0,49647.77,5323.71,359457.99,17024.65
Customer 189,customer189@email.com,Australia,1,42.0,64475.76,12159.62,447694.53,19031.15
Customer 190,customer190@email.com,Nigeria,0,66.0,59671.54,5577.54,79140.45,9535.39
Customer 191,customer191@email.com,Australia,0,30.0,83767.87,15304.04,298532.48,23786.27
Customer 192,customer192@email.com,United States,0,30.0,110538.65,10711.7,741212.91,33442.61
Customer 193,customer193@email.com,United Kingdom,0,33.0,49382.62,6048.35,903895.71,28609.02
Customer 194,customer194@email.com,India,0,18.0,50211.21,16629.23,191412.78,14328.38
Customer 195,customer195@email.com,Kenya,1,34.0,80883.22,5577.14,351883.94,25266.49
Customer 196,customer196@email.com,France,1,31.0,73637.83,10968.38,493398.56,26115.2
Customer 197,customer197@email.com,South Africa,1,42.0,96934.15,9197.17,570040.29,28345.73
Customer 198,customer198@email.com,South Africa,0,44.0,71678.56,13206.97,297599.12,19891.87
Customer 199,customer199@email.com,Kenya,0,63.0,52814.16,14246.04,606015.26,17245.13
Customer 200,customer200@email.com,Australia,0,51.0,71813.1,8128.02,381540.16,24060.56
Customer 201,customer201@email.com,India,1,33.0,82174.07,4986.33,496386.93,31460.96
Customer 202,customer202@email.com,Germany,0,29.0,76409.64,9839.89,636571.06,23470.31
Customer 203,customer203@email.com,France,0,46.0,70145.48,5289.14,501605.57,22036.49
Customer 204,customer204@email.com,Canada,1,24.0,81333.49,16053.55,390903.53,18723.15
Customer 205,customer205@email.com,United States,0,62.0,83385.91,8546.14,472597.55,20755.15
Customer 206,customer206@email.com,Australia,1,54.0,87643.18,6538.71,477909.26,25000.48
Customer 207,customer207@email.com,Nigeria,1,34.0,72974.2,8738.72,407497.24,20673.27
Customer 208,customer208@email.com,United Kingdom,1,19.0,56657.64,2611.49,435300.98,17977.94
Customer 209,customer209@email.com,South Africa,0,56.0,62934.27,4113.54,899661.79,26810.15
Customer 210,customer210@email.com,Australia,0,39.0,84130.18,12801.66,640229.86,30965.76
Customer 211,customer211@email.com,United Kingdom,0,55.0,43661.29,5372.42,426129.92,17742.58
Customer 212,customer212@email.com,United States,0,21.0,67373.47,3812.36,674238.6,25244.34
Customer 213,customer213@email.com,South Africa,0,33.0,52133.22,10146.61,416545.13,22266.69
Customer 214,customer214@email.com,South Africa,0,40.0,60574.9,12742.82,793281.16,28037.54
Customer 215,customer215@email.com,Germany,0,41.0,85569.04,10875.81,592410.55,28581.02
Customer 216,customer216@email.com,Australia,1,35.0,63821.98,11984.19,473174.46,29858.72
Customer 217,customer217@email.com,India,0,47.0,60928.73,4972.82,611929.23,29502.0
Customer 218,customer218@email.com,Kenya,1,27.0,32802.88,2312.76,107280.96,8336.03
Customer 219,customer219@email.com,Kenya,0,38.0,74925.07,14005.33,218308.13,23093.59
Customer 220,customer220@email.com,Canada,0,41.0,72909.68,6709.28,201518.75,22530.09
Customer 221,customer221@email.com,Nigeria,0,46.0,103265.09,6996.67,535735.77,26860.02
Customer 222,customer222@email.com,United Kingdom,1,49.0,53844.44,13312.78,933128.75,32064.3
Customer 223,customer223@email.com,Australia,1,27.0,64383.01,10224.92,1057825.04,39805.26
Customer 224,customer224@email.com,France,1,22.0,64987.67,9823.55,659512.78,22988.42
Customer 225,customer225@email.com,Nigeria,1,55.0,91549.07,16660.01,625211.12,24818.07
Customer 226,customer226@email.com,Germany,0,44.0,58094.09,5425.93,49735.57,17419.22
Customer 227,customer227@email.com,South Africa,1,31.0,65580.43,11711.36,364331.55,22967.05
Customer 228,customer228@email.com,India,0,59.0,72157.93,8228.05,303054.06,19916.39
Customer 229,customer229@email.com,Australia,0,41.0,63732.18,9074.37,344788.1,22369.92
Customer 230,customer230@email.com,Nigeria,1,54.0,51071.33,14113.87,457964.05,19780.68
Customer 231,customer231@email.com,Nigeria,1,41.0,63881.8,10031.34,381977.36,18039.27
Customer 232,customer232@email.com,India,1,65.0,81472.63,10153.18,10000.0,15547.53
Customer 233,customer233@email.com,Canada,1,61.0,39469.69,12290.03,686977.56,23739.77
Customer 234,customer234@email.com,United Kingdom,1,37.0,62659.39,6540.19,231814.24,19293.0
Customer 235,customer235@email.com,United Kingdom,1,52.0,45997.58,4643.16,559811.72,21101.12
Customer 236,customer236@email.com,Nigeria,1,48.0,83900.93,3820.76,1018520.67,32380.15
Customer 237,customer237@email.com,United States,1,56.0,29536.26,134.57,270153.85,14162.82
Customer 238,customer238@email.com,Nigeria,0,28.0,48821.56,16224.83,10000.0,13216.92
Customer 239,customer239@email.com,Nigeria,1,48.0,67544.24,3587.17,428498.94,22556.32
Customer 240,customer240@email.com,India,1,53.0,91310.48,7114.99,775239.91,35262.93
Customer 241,customer241@email.com,South Africa,0,19.0,58684.99,6892.75,989586.86,30702.98
Customer 242,customer242@email.com,India,1,26.0,48896.01,9229.63,192612.6,17157.51
Customer 243,customer243@email.com,Australia,0,18.0,97623.14,11262.95,624174.81,26541.68
Customer 244,customer244@email.com,Nigeria,0,37.0,31039.72,11441.89,383672.39,17714.56
Customer 245,customer245@email.com,United Kingdom,1,49.0,16023.88,5667.69,473512.91,14984.01
Customer 246,customer246@email.com,France,0,58.0,68800.29,7331.51,1161085.84,35884.53
Customer 247,customer247@email.com,United Kingdom,0,41.0,49958.92,9130.32,124257.42,13757.37
Customer 248,customer248@email.com,Kenya,0,60.0,39575.34,7005.24,563434.92,18110.06
Customer 249,customer249@email.com,Canada,0,23.0,74167.13,14429.38,616923.29,29098.74
Customer 250,customer250@email.com,Germany,1,20.0,64876.01,9963.9,771446.58,26853.65
Customer 251,customer251@email.com,Australia,0,39.0,48718.43,10939.51,524495.79,18084.0
Customer 252,customer252@email.com,Australia,1,45.0,34393.91,10651.53,577012.63,25882.94
Customer 253,customer253@email.com,Canada,0,40.0,77449.15,12693.9,402087.86,28534.1
Customer 254,customer254@email.com,France,0,18.0,73004.02,8724.09,567281.74,21147.04
Customer 255,customer255@email.com,Germany,0,39.0,58016.48,2812.67,414201.93,24974.37
Customer 256,customer256@email.com,South Africa,0,24.0,96932.74,9598.75,655392.97,29978.97
Customer 257,customer257@email.com,Nigeria,1,48.0,38598.3,5394.57,407597.42,18592.7
Customer 258,customer258@email.com,Germany,1,44.0,29489.5,5885.53,594275.1,21803.05
Customer 259,customer259@email.com,France,0,29.0,46161.84,10345.46,492684.3,20840.19
Customer 260,customer260@email.com,United States,0,34.0,59088.28,12953.13,781512.56,27646.88
Customer 261,customer261@email.com,Kenya,1,27.0,64866.79,8085.09,487151.57,21992.92
Customer 262,customer262@email.com,Germany,0,39.0,55175.28,9235.33,56741.88,11939.02
Customer 263,customer263@email.com,Germany,0,51.0,67041.11,14808.86,815480.38,26189.42
Customer 264,customer264@email.com,Kenya,0,28.0,34969.21,8963.01,273566.92,15218.88
Customer 265,customer265@email.com,Nigeria,1,46.0,88875.29,18406.73,336558.42,20874.51
Customer 266,customer266@email.com,Germany,1,34.0,58356.98,10262.04,351084.68,23595.19
Customer 267,customer267@email.com,Kenya,1,30.0,82345.92,956.95,843609.52,39590.12
Customer 268,customer268@email.com,Kenya,0,39.0,66854.51,11013.37,10000.0,13586.68
Customer 269,customer269@email.com,Kenya,0,28.0,69135.06,9524.63,1284437.13,41424.75
Customer 270,customer270@email.com,India,1,33.0,71395.35,13159.01,764014.2,32772.74
Customer 271,customer271@email.com,France,1,26.0,68954.17,10692.73,555809.73,27006.05
Customer 272,customer272@email.com,India,1,64.0,72854.46,7446.18,486276.5,21336.95
Customer 273,customer273@email.com,United States,1,40.0,86583.05,3102.81,571388.52,32332.99
Customer 274,customer274@email.com,South Africa,0,32.0,63930.42,7163.91,630280.61,29325.53
Customer 275,customer275@email.com,India,1,43.0,74180.08,4597.92,661303.9,25580.31
Customer 276,customer276@email.com,India,0,39.0,58205.29,5677.91,638901.12,29748.49
Customer 277,customer277@email.com,France,1,37.0,88802.34,10354.31,522395.17,31994.7
Customer 278,customer278@email.com,South Africa,0,47.0,46472.15,14679.62,450665.39,16826.31
Customer 279,customer279@email.com,Canada,1,49.0,96018.81,9578.69,462181.68,27002.4
Customer 280,customer280@email.com,Kenya,1,34.0,59196.84,3216.47,451272.93,26433.32
Customer 281,customer281@email.com,Australia,1,33.0,31384.5,9778.41,783442.52,25370.74
Customer 282,customer282@email.com,South Africa,1,37.0,62562.09,12786.53,648389.18,30892.38
Customer 283,customer283@email.com,United States,0,18.0,46378.97,5560.87,10000.0,17292.38
Customer 284,customer284@email.com,Nigeria,1,22.0,76812.87,7463.93,663975.19,26097.08
Customer 285,customer285@email.com,United States,0,56.0,46947.52,8058.75,548684.05,15866.8
Customer 286,customer286@email.com,Kenya,0,60.0,51076.33,4860.41,495322.81,19993.32
Customer 287,customer287@email.com,South Africa,0,37.0,22209.19,10593.12,402870.39,19094.16
Customer 288,customer288@email.com,United States,0,47.0,50953.87,7516.21,781028.18,26419.42
Customer 289,customer289@email.com,United States,1,44.0,15000.0,9678.13,736881.62,25579.6
Customer 290,customer290@email.com,Canada,0,70.0,28321.94,4450.03,306780.58,5923.08
Customer 291,customer291@email.com,Canada,0,53.0,75208.29,6250.17,601763.07,28170.24
Customer 292,customer292@email.com,South Africa,0,38.0,75716.0,10889.53,257085.82,19992.58
Customer 293,customer293@email.com,Kenya,1,29.0,68509.15,6508.67,155095.46,23685.55
Customer 294,customer294@email.com,India,1,21.0,40660.48,14907.86,343320.69,21652.25
Customer 295,customer295@email.com,United Kingdom,1,42.0,59045.77,6401.46,715598.37,25828.72
Customer 296,customer296@email.com,Germany,1,31.0,59927.95,8898.74,738281.26,27416.27
Customer 297,customer297@email.com,Australia,0,23.0,36832.71,11730.36,628271.36,24096.06
Customer 298,customer298@email.com,Germany,0,32.0,90067.97,2326.54,681273.95,32141.63
Customer 299,customer299@email.com,France,1,27.0,77547.25,956.76,629044.57,29381.07
Customer 300,customer300@email.com,Canada,0,60.0,55580.72,1897.37,339629.6,17016.13
Customer 301,customer301@email.com,South Africa,0,51.0,60537.72,13050.34,607980.64,17976.22
Customer 302,customer302@email.com,Germany,0,40.0,64167.66,5792.57,700102.38,29006.43
Customer 303,customer303@email.com,Kenya,1,58.0,19165.3,18232.8,688572.83,15153.79
Customer 304,customer304@email.com,Australia,1,41.0,55056.45,5743.01,797228.34,27949.36
Customer 305,customer305@email.com,Germany,0,30.0,46360.32,8738.21,677075.96,29952.64
Customer 306,customer306@email.com,Australia,1,58.0,39967.6,14168.44,587862.05,14966.02
Customer 307,customer307@email.com,Nigeria,1,46.0,54377.99,16024.37,767537.56,29144.63
Customer 308,customer308@email.com,Kenya,1,28.0,95953.73,16246.01,493369.69,27398.96
Customer 309,customer309@email.com,United Kingdom,1,38.0,72816.86,12833.46,279531.34,20790.53
Customer 310,customer310@email.com,United States,1,29.0,48576.42,12096.25,459233.26,23432.62
Customer 311,customer311@email.com,Australia,0,23.0,71451.66,10370.11,313774.34,21576.38
Customer 312,customer312@email.com,Kenya,1,51.0,87987.11,11113.44,331205.43,24222.67
Customer 313,customer313@email.com,Australia,0,63.0,78492.67,5795.26,463870.33,24776.34
Customer 314,customer314@email.com,Australia,0,23.0,61192.61,4727.2,301895.02,18350.15
Customer 315,customer315@email.com,India,1,47.0,47061.26,7986.5,423009.62,17484.02
Customer 316,customer316@email.com,India,0,32.0,73964.47,7319.26,26596.33,14039.22
Customer 317,customer317@email.com,Kenya,0,34.0,67869.71,6187.09,553323.43,24951.98
Customer 318,customer318@email.com,India,0,33.0,77903.86,10785.55,500301.37,36060.33
Customer 319,customer319@email.com,France,1,30.0,72703.44,11821.22,295727.84,25371.99
Customer 320,customer320@email.com,United Kingdom,1,41.0,80991.05,8353.63,664811.42,26356.3
Customer 321,customer321@email.com,South Africa,0,30.0,49295.3,13910.12,734392.53,22723.76
Customer 322,customer322@email.com,Kenya,1,43.0,86347.88,3433.24,98110.03,21416.66
Customer 323,customer323@email.com,Kenya,1,39.0,63951.99,7225.36,309318.81,22898.43
Customer 324,customer324@email.com,France,1,37.0,101505.22,5132.71,307714.41,29113.45
Customer 325,customer325@email.com,Canada,1,29.0,46216.24,533.85,265024.22,17214.67
Customer 326,customer326@email.com,Canada,0,33.0,94719.28,7669.28,707368.71,33811.98
Customer 327,customer327@email.com,India,0,49.0,63958.22,7513.01,451543.47,23056.94
Customer 328,customer328@email.com,South Africa,1,46.0,46971.64,14053.8,433871.29,19375.47
Customer 329,customer329@email.com,India,1,28.0,50322.28,10523.25,10000.0,5638.12
Customer 330,customer330@email.com,Nigeria,0,41.0,53593.05,3903.25,658854.51,25936.32
Customer 331,customer331@email.com,Nigeria,0,49.0,68483.32,15416.37,190185.4,14180.35
Customer 332,customer332@email.com,United States,1,20.0,70456.71,12884.13,514983.16,24105.39
Customer 333,customer333@email.com,Nigeria,0,47.0,48526.0,10328.39,569344.23,31188.72
Customer 334,customer334@email.com,Canada,1,32.0,59512.91,7094.06,840164.65,32523.27
Customer 335,customer335@email.com,United Kingdom,1,47.0,102845.41,4162.24,172794.9,22125.9
Customer 336,customer336@email.com,Nigeria,0,31.0,94550.86,6511.17,10000.0,22696.92
Customer 337,customer337@email.com,India,0,18.0,68726.47,12354.99,545962.39,25040.78
Customer 338,customer338@email.com,Australia,1,20.0,60760.07,15538.35,950127.8,31823.01
Customer 339,customer339@email.com,Kenya,1,41.0,62400.63,14172.97,809736.59,31758.08
Customer 340,customer340@email.com,United Kingdom,0,43.0,72270.36,6044.6,552414.85,32854.02
Customer 341,customer341@email.com,United Kingdom,1,29.0,39544.15,3521.53,377090.95,15528.62
Customer 342,customer342@email.com,India,0,48.0,54852.47,8563.54,701780.65,27228.03
Customer 343,customer343@email.com,Kenya,1,20.0,26628.32,926.24,256613.45,10254.75
Customer 344,customer344@email.com,Canada,0,39.0,67984.46,9292.67,619089.44,29516.73
Customer 345,customer345@email.com,United Kingdom,0,25.0,72943.92,7409.59,626367.54,24971.92
Customer 346,customer346@email.com,United States,0,32.0,50336.27,6135.85,765052.48,27385.8
Customer 347,customer347@email.com,India,1,41.0,91479.74,1621.19,1189915.01,42272.87
Customer 348,customer348@email.com,United Kingdom,1,30.0,35484.69,10054.4,598103.99,25206.79
Customer 349,customer349@email.com,South Africa,0,35.0,30712.5,5869.2,372759.09,21230.5
Customer 350,customer350@email.com,Kenya,1,52.0,64489.04,3320.33,493606.42,19076.3
Customer 351,customer351@email.com,Nigeria,0,33.0,80941.97,0.0,57731.02,20060.72
Customer 352,customer352@email.com,United Kingdom,0,50.0,93678.55,7889.94,326321.72,21660.48
Customer 353,customer353@email.com,India,1,26.0,50822.31,15089.01,397679.39,15492.52
Customer 354,customer354@email.com,Nigeria,1,46.0,81573.62,14645.04,368977.9,22300.05
Customer 355,customer355@email.com,United States,0,57.0,59229.83,6171.61,538088.72,20703.64
Customer 356,customer356@email.com,Nigeria,1,18.0,56547.45,5591.15,294395.02,24691.05
Customer 357,customer357@email.com,South Africa,1,30.0,77673.2,9875.1,780257.67,33567.5
Customer 358,customer358@email.com,Canada,0,47.0,73046.46,4006.46,500051.77,21024.51
Customer 359,customer359@email.com,United Kingdom,0,38.0,28472.16,9207.17,497674.92,18009.28
Customer 360,customer360@email.com,Germany,1,44.0,89530.81,11064.32,418026.32,28947.87
Customer 361,customer361@email.com,Germany,0,33.0,87601.83,12907.73,538797.67,35490.78
Customer 362,customer362@email.com,Nigeria,0,41.0,47488.75,7599.38,706274.57,21530.92
Customer 363,customer363@email.com,France,1,38.0,67916.07,7185.3,283217.45,15893.46
Customer 364,customer364@email.com,Kenya,0,54.0,69880.6,4488.07,335470.88,25555.6
Customer 365,customer365@email.com,Germany,0,43.0,65213.48,4692.48,424068.49,24362.99
Customer 366,customer366@email.com,France,1,44.0,48993.9,7094.08,163532.27,12505.44
Customer 367,customer367@email.com,Germany,1,35.0,46567.53,9469.46,295185.54,20545.78
Customer 368,customer368@email.com,France,0,34.0,59488.92,11654.34,380944.78,14269.56
Customer 369,customer369@email.com,Kenya,0,35.0,83454.58,4787.28,718597.3,33421.53
Customer 370,customer370@email.com,Australia,1,45.0,70872.0,13970.75,565640.33,26530.0
Customer 371,customer371@email.com,Germany,1,35.0,52587.71,6915.51,548397.48,27937.37
Customer 372,customer372@email.com,South Africa,1,43.0,75433.97,7914.53,712724.49,27136.44
Customer 373,customer373@email.com,United Kingdom,1,65.0,15000.0,5011.15,465657.05,12319.09
Customer 374,customer374@email.com,France,0,50.0,82975.31,0.0,597616.21,25622.35
Customer 375,customer375@email.com,United Kingdom,1,36.0,25205.72,11536.18,474194.56,19677.28
Customer 376,customer376@email.com,India,1,54.0,52751.18,10947.38,566340.59,18658.71
Customer 377,customer377@email.com,India,0,35.0,37606.6,6874.69,354310.34,17815.43
Customer 378,customer378@email.com,Kenya,1,18.0,34106.37,8267.96,10000.0,5101.71
Customer 379,customer379@email.com,France,0,28.0,83216.54,10063.76,466430.21,28358.12
Customer 380,customer380@email.com,United States,1,18.0,50645.98,1749.82,855687.03,30711.01
Customer 381,customer381@email.com,India,1,36.0,66930.08,5883.79,731553.85,30178.35
Customer 382,customer382@email.com,Kenya,1,40.0,59061.59,11177.06,741349.37,28683.23
Customer 383,customer383@email.com,India,0,60.0,69540.82,2982.84,809032.68,23967.72
Customer 384,customer384@email.com,India,0,44.0,61536.44,9174.23,522164.4,23057.3
Customer 385,customer385@email.com,United States,1,37.0,34340.16,2573.67,549328.93,22329.62
Customer 386,customer386@email.com,Germany,0,50.0,79925.34,9865.72,345587.03,29776.35
Customer 387,customer387@email.com,Nigeria,0,18.0,50124.87,7857.43,420981.79,15416.72
Customer 388,customer388@email.com,Australia,0,43.0,28868.36,1539.47,653942.79,27047.69
Customer 389,customer389@email.com,India,0,49.0,51437.7,12658.96,800971.11,29659.76
Customer 390,customer390@email.com,India,0,22.0,90015.2,5061.63,465138.43,27540.79
Customer 391,customer391@email.com,South Africa,0,54.0,77004.43,4758.99,387452.68,27299.68
Customer 392,customer392@email.com,Australia,1,44.0,53026.96,8802.28,500131.99,23392.77
Customer 393,customer393@email.com,United States,1,35.0,53014.85,12594.55,650301.69,27866.28
Customer 394,customer394@email.com,United Kingdom,0,48.0,53567.3,3936.71,139036.3,14662.79
Customer 395,customer395@email.com,France,1,67.0,101534.96,8246.72,10000.0,18876.28
Customer 396,customer396@email.com,India,1,42.0,67638.71,9715.27,362365.79,25311.0
Customer 397,customer397@email.com,Nigeria,1,43.0,68600.83,10772.42,194821.89,16632.29
Customer 398,customer398@email.com,France,1,34.0,80605.67,8705.77,372964.95,21521.83
Customer 399,customer399@email.com,Australia,0,30.0,64775.78,6531.89,463054.92,23715.33
Customer 400,customer400@email.com,France,1,50.0,54819.16,4689.64,386687.9,17087.55
Customer 401,customer401@email.com,Germany,1,30.0,56073.0,8344.58,863116.88,30648.26
Customer 402,customer402@email.com,India,0,41.0,58567.97,3711.44,581686.19,29560.09
Customer 403,customer403@email.com,France,0,34.0,59255.56,0.0,575118.59,25818.8
Customer 404,customer404@email.com,United Kingdom,1,46.0,74552.59,9746.24,655551.79,27990.83
Customer 405,customer405@email.com,United Kingdom,1,44.0,61038.92,11615.74,215291.72,17674.17
Customer 406,customer406@email.com,India,1,52.0,74652.8,0.0,759777.95,32538.77
Customer 407,customer407@email.com,Canada,1,34.0,58385.67,3961.08,481058.93,18042.25
Customer 408,customer408@email.com,United Kingdom,1,37.0,61572.7,10476.62,667620.15,26320.55
Customer 409,customer409@email.com,France,1,28.0,20035.99,16229.98,232035.69,12256.97
Customer 410,customer410@email.com,Kenya,0,35.0,78326.55,8083.17,111560.31,23772.11
Customer 411,customer411@email.com,United Kingdom,1,45.0,66929.77,5087.99,704472.41,27144.41
Customer 412,customer412@email.com,Australia,1,49.0,79960.2,7268.41,594102.38,21719.58
Customer 413,customer413@email.com,Canada,0,29.0,15000.0,13499.51,274487.11,14048.93
Customer 414,customer414@email.com,France,0,50.0,101767.49,5416.14,282584.23,22469.11
Customer 415,customer415@email.com,United States,0,56.0,57208.21,4803.23,781358.7,22959.08
Customer 416,customer416@email.com,South Africa,0,45.0,82163.66,6069.03,202647.03,18897.55
Customer 417,customer417@email.com,United States,1,63.0,39201.88,4186.69,910668.24,24521.4
Customer 418,customer418@email.com,Germany,1,31.0,72255.48,8490.68,274844.82,19871.92
Customer 419,customer419@email.com,South Africa,1,25.0,38931.69,14498.71,659597.98,15965.14
Customer 420,customer420@email.com,Germany,1,19.0,47524.62,9292.32,417845.38,21047.57
Customer 421,customer421@email.com,South Africa,1,58.0,98280.63,6990.59,650796.86,33283.6
Customer 422,customer422@email.com,South Africa,1,48.0,56186.35,6832.75,363971.5,21378.67
Customer 423,customer423@email.com,Kenya,0,39.0,64348.66,1747.24,459301.77,21450.55
Customer 424,customer424@email.com,Nigeria,1,43.0,77401.35,11532.44,510229.79,25457.08
Customer 425,customer425@email.com,Australia,0,26.0,69913.64,7688.65,249453.14,19887.68
Customer 426,customer426@email.com,United States,0,69.0,63008.38,7278.08,685206.09,24423.95
Customer 427,customer427@email.com,United Kingdom,1,42.0,67299.22,20772.43,371696.61,23056.59
Customer 428,customer428@email.com,France,0,41.0,108068.31,9195.01,442850.02,27745.22
Customer 429,customer429@email.com,Canada,1,49.0,58847.62,4992.84,251412.66,17802.1
Customer 430,customer430@email.com,Australia,0,46.0,64021.98,6294.57,10000.0,15345.68
Customer 431,customer431@email.com,Germany,1,43.0,81013.09,12593.78,452243.06,29704.91
Customer 432,customer432@email.com,Kenya,0,31.0,82110.52,8453.08,1103153.86,41847.87
Customer 433,customer433@email.com,Germany,1,46.0,83740.61,2246.89,696151.07,33426.59
Customer 434,customer434@email.com,Nigeria,1,63.0,72774.6,11676.92,495184.91,21303.68
Customer 435,customer435@email.com,Canada,1,56.0,37139.9,5327.42,434277.29,20755.17
Customer 436,customer436@email.com,Kenya,1,59.0,92668.63,15493.19,505616.47,25892.59
Customer 437,customer437@email.com,Germany,1,34.0,37073.09,12320.19,636779.78,21281.28
Customer 438,customer438@email.com,Nigeria,0,28.0,66052.71,6210.71,204796.8,23192.88
Customer 439,customer439@email.com,France,0,38.0,44914.48,13124.07,778580.42,29490.08
Customer 440,customer440@email.com,France,0,41.0,58717.23,8271.42,678845.33,26028.22
Customer 441,customer441@email.com,Germany,1,53.0,66575.25,11411.09,679546.43,24397.63
Customer 442,customer442@email.com,Australia,0,20.0,66427.14,9938.93,609618.93,26052.28
Customer 443,customer443@email.com,Canada,1,58.0,68438.42,4614.57,504904.16,23691.94
Customer 444,customer444@email.com,India,1,38.0,92274.23,5425.8,668215.31,33654.74
Customer 445,customer445@email.com,Australia,0,35.0,69070.69,12119.84,647953.53,30041.62
Customer 446,customer446@email.com,France,0,28.0,55116.87,6660.9,411489.82,26531.11
Customer 447,customer447@email.com,Canada,1,20.0,79281.74,6385.41,356599.56,25600.34
Customer 448,customer448@email.com,Nigeria,0,50.0,83789.41,4179.51,525464.07,27231.65
Customer 449,customer449@email.com,Kenya,1,41.0,35447.84,9694.4,887255.04,30716.77
Customer 450,customer450@email.com,South Africa,1,25.0,71948.0,16250.1,190223.23,14874.08
Customer 451,customer451@email.com,Germany,1,24.0,74023.45,3729.87,133118.68,19386.69
Customer 452,customer452@email.com,United States,1,36.0,54048.73,8096.88,541190.21,30349.34
Customer 453,customer453@email.com,Canada,1,60.0,87514.14,13648.88,512721.93,23362.53
Customer 454,customer454@email.com,United Kingdom,0,37.0,56998.89,7681.43,543335.42,22705.5
Customer 455,customer455@email.com,Nigeria,0,22.0,62511.53,9809.49,560988.3,22059.28
Customer 456,customer456@email.com,India,1,37.0,56538.56,3750.43,444199.44,20320.83
Customer 457,customer457@email.com,South Africa,1,37.0,60311.58,9713.23,872465.86,29770.45
Customer 458,customer458@email.com,United Kingdom,0,18.0,38074.5,7251.42,99774.01,9469.99
Customer 459,customer459@email.com,India,0,39.0,31198.98,11942.92,292875.74,11326.37
Customer 460,customer460@email.com,United States,1,37.0,91890.1,12749.54,474186.31,28639.14
Customer 461,customer461@email.com,France,0,48.0,43060.77,18358.25,89202.8,13514.18
Customer 462,customer462@email.com,Australia,1,62.0,40172.15,10318.53,456036.4,12991.43
Customer 463,customer463@email.com,Germany,0,54.0,16932.2,9303.19,915367.54,27674.71
Customer 464,customer464@email.com,Kenya,1,37.0,47220.77,8777.54,505221.62,24442.17
Customer 465,customer465@email.com,India,0,27.0,33538.2,6587.33,557675.23,24017.24
Customer 466,customer466@email.com,South Africa,1,70.0,92840.3,9353.94,184958.81,14716.32
Customer 467,customer467@email.com,Canada,0,41.0,80196.34,6818.39,345909.65,26629.38
Customer 468,customer468@email.com,France,0,40.0,46236.99,8673.84,406200.9,16916.38
Customer 469,customer469@email.com,Canada,1,40.0,105048.72,13270.39,420571.23,31512.44
Customer 470,customer470@email.com,South Africa,0,42.0,79635.31,3973.83,820410.95,34071.65
Customer 471,customer471@email.com,Canada,1,38.0,53503.37,12559.51,639422.77,27617.76
Customer 472,customer472@email.com,India,0,33.0,15000.0,13268.46,222135.51,8439.08
Customer 473,customer473@email.com,Nigeria,1,33.0,105818.85,7527.73,561626.19,30267.37
Customer 474,customer474@email.com,Canada,0,40.0,32208.55,0.0,624555.44,25114.08
Customer 475,customer475@email.com,Australia,1,33.0,27092.03,5568.71,785037.26,22962.63
Customer 476,customer476@email.com,United States,0,31.0,80451.41,13187.98,895135.17,36241.24
Customer 477,customer477@email.com,Kenya,1,41.0,108795.05,7908.53,246226.45,22151.52
Customer 478,customer478@email.com,India,0,37.0,87685.46,4002.79,297285.62,27842.78
Customer 479,customer479@email.com,United Kingdom,1,58.0,71278.18,5980.9,185605.54,12508.18
Customer 480,customer480@email.com,South Africa,1,18.0,71895.09,11362.48,441495.04,23734.82
Customer 481,customer481@email.com,France,1,53.0,77068.31,10186.93,616589.59,28150.24
Customer 482,customer482@email.com,India,0,55.0,75178.57,7044.27,746833.63,26418.72
Customer 483,customer483@email.com,Nigeria,1,18.0,65623.83,6532.7,481012.24,24156.63
Customer 484,customer484@email.com,France,0,36.0,62084.02,6432.97,420038.12,24651.4
Customer 485,customer485@email.com,Australia,1,36.0,58748.14,4310.36,537939.5,24323.45
Customer 486,customer486@email.com,South Africa,0,23.0,44920.71,14461.5,291214.27,12690.58
Customer 487,customer487@email.com,France,1,31.0,54386.5,6710.72,1022384.68,28246.72
Customer 488,customer488@email.com,Canada,0,27.0,26140.86,12868.63,98084.74,11044.91
Customer 489,customer489@email.com,India,0,61.0,58033.21,14085.26,546185.14,15325.75
Customer 490,customer490@email.com,United States,1,51.0,40228.18,11993.24,1005901.55,29038.97
Customer 491,customer491@email.com,South Africa,0,55.0,37928.21,6273.52,501699.96,17305.53
Customer 492,customer492@email.com,Germany,0,49.0,63597.88,9614.92,452490.24,23865.42
Customer 493,customer493@email.com,Australia,1,26.0,87840.05,7903.22,410638.64,24892.32
Customer 494,customer494@email.com,Kenya,0,34.0,78366.33,4385.19,454902.08,26226.13
Customer 495,customer495@email.com,South Africa,0,46.0,28589.99,9297.44,843212.12,27218.61
Customer 496,customer496@email.com,Nigeria,0,25.0,40207.44,3283.84,10000.0,11907.91
Customer 497,customer497@email.com,India,1,49.0,78815.42,12750.72,883358.43,33362.88
Customer 498,customer498@email.com,Canada,0,37.0,40350.25,6141.53,144010.71,16326.4
Customer 499,customer499@email.com,Kenya,1,36.0,55507.34,8804.64,433336.92,18305.66
